<?xml version="1.0"?>
<config xmlns:xsi="http://www.w3.org/2001/XMLSchema-instance" xsi:noNamespaceSchemaLocation="urn:magento:module:Magento_Config:etc/system_file.xsd">
    <system>
        <tab id="kharvi_headless" translate="label" sortOrder="900"> 
            <label>Kharvi Headless</label>
        </tab>
        <section id="kharvi_headless" translate="label" sortOrder="100" showInDefault="1" showInWebsite="1" showInStore="1">
            <class>separator-top</class>
            <label>Kharvi Headless Configuration</label>
            <tab>kharvi_headless</tab>
            <resource>Kharvi_Headless::configuration</resource>
            <group id="general" translate="label" type="text" sortOrder="1" showInDefault="1" showInWebsite="0" showInStore="0">
                <label>General Configuration For Headless Category/Search</label>
                <field id="size_sorting" translate="label" type="text" sortOrder="1" showInDefault="1" showInWebsite="0" showInStore="0">
                    <label>List Of All Sizes</label>
                    <tooltip>set all sizes here comma separated</tooltip>
                </field>
                <field id="attributes" translate="label" type="multiselect" sortOrder="2" showInDefault="1" showInWebsite="1" showInStore="0">
                    <label>Send additional attributes to ElasticSearch</label>
                    <source_model>Kharvi\Headless\Model\Config\Options</source_model>
                </field>
                <field id="group_by" translate="label" type="select" sortOrder="2" showInDefault="1" showInWebsite="1" showInStore="0">
                    <label>Group products with particular attribute (PLP, Search)</label>
                    <source_model>Kharvi\Headless\Model\Config\FilterableOptions</source_model>
                </field>
            </group>
        </section>
    </system>
</config>